#{"t_start": 1637404597.5213156, "env_id": null}
r,l,t,total_reward,total_asset,last_account,action_summary
4.622448,757,0.800336,4.622448129499993,146224.48129499998,"{'Cash': 32.981294999975944, 'WMT': 0.0, 'ABBV': 2499.0, 'MMM': 0.0}","{'WMT': {'buy': 22, 'sell': 21, 'no-action': 714}, 'ABBV': {'buy': 144, 'sell': 116, 'no-action': 497}, 'MMM': {'buy': 46, 'sell': 45, 'no-action': 666}}"
2.916923,757,1.536669,2.916922970799993,129169.22970799997,"{'Cash': 96935.72970799997, 'WMT': 0.0, 'ABBV': 551.0, 'MMM': 0.0}","{'WMT': {'buy': 60, 'sell': 62, 'no-action': 635}, 'ABBV': {'buy': 205, 'sell': 175, 'no-action': 377}, 'MMM': {'buy': 100, 'sell': 96, 'no-action': 561}}"
3.533856,757,2.366117,3.5338555084000016,135338.555084,"{'Cash': 28.055083999985072, 'WMT': 0.0, 'ABBV': 2313.0, 'MMM': 0.0}","{'WMT': {'buy': 12, 'sell': 15, 'no-action': 730}, 'ABBV': {'buy': 90, 'sell': 69, 'no-action': 598}, 'MMM': {'buy': 40, 'sell': 39, 'no-action': 678}}"
2.71937,757,3.105293,2.7193704202000024,127193.704202,"{'Cash': 14.704202000000805, 'WMT': 0.0, 'ABBV': 2174.0, 'MMM': 0.0}","{'WMT': {'buy': 1, 'sell': 1, 'no-action': 755}, 'ABBV': {'buy': 19, 'sell': 14, 'no-action': 724}, 'MMM': {'buy': 8, 'sell': 8, 'no-action': 741}}"
4.401928,757,3.853748,4.40192823829999,144019.28238299993,"{'Cash': 17.753050999916013, 'WMT': 0.0, 'ABBV': 1986.0, 'MMM': 167.0}","{'WMT': {'buy': 30, 'sell': 36, 'no-action': 691}, 'ABBV': {'buy': 104, 'sell': 77, 'no-action': 576}, 'MMM': {'buy': 52, 'sell': 52, 'no-action': 653}}"
3.166957,757,4.592189,3.1669573512000047,131669.573512,"{'Cash': 44.57351199998993, 'WMT': 0.0, 'ABBV': 2250.0, 'MMM': 0.0}","{'WMT': {'buy': 3, 'sell': 3, 'no-action': 751}, 'ABBV': {'buy': 28, 'sell': 20, 'no-action': 709}, 'MMM': {'buy': 12, 'sell': 11, 'no-action': 734}}"
4.240594,757,5.324295,4.240593607700003,142405.93607700002,"{'Cash': 16.93607700002758, 'WMT': 0.0, 'ABBV': 2434.0, 'MMM': 0.0}","{'WMT': {'buy': 3, 'sell': 3, 'no-action': 751}, 'ABBV': {'buy': 31, 'sell': 24, 'no-action': 702}, 'MMM': {'buy': 19, 'sell': 16, 'no-action': 722}}"
1.981875,757,6.057448,1.9818754482999985,119818.75448299995,"{'Cash': 10.754482999960146, 'WMT': 0.0, 'ABBV': 2048.0, 'MMM': 0.0}","{'WMT': {'buy': 19, 'sell': 20, 'no-action': 718}, 'ABBV': {'buy': 63, 'sell': 44, 'no-action': 650}, 'MMM': {'buy': 28, 'sell': 28, 'no-action': 701}}"
3.373099,757,6.789963,3.3730989369999977,133730.98937000005,"{'Cash': 58.48937000006117, 'WMT': 0.0, 'ABBV': 2285.0, 'MMM': 0.0}","{'WMT': {'buy': 18, 'sell': 19, 'no-action': 720}, 'ABBV': {'buy': 103, 'sell': 84, 'no-action': 570}, 'MMM': {'buy': 62, 'sell': 60, 'no-action': 635}}"
3.659357,757,7.513797,3.6593570922999925,136593.570923,"{'Cash': 16025.070922999985, 'WMT': 0.0, 'ABBV': 2061.0, 'MMM': 0.0}","{'WMT': {'buy': 11, 'sell': 11, 'no-action': 735}, 'ABBV': {'buy': 96, 'sell': 78, 'no-action': 583}, 'MMM': {'buy': 42, 'sell': 42, 'no-action': 673}}"
2.235974,757,8.246905,2.2359736922000044,122359.73692200003,"{'Cash': 120.11819400002423, 'WMT': 0.0, 'ABBV': 1184.0, 'MMM': 318.0}","{'WMT': {'buy': 24, 'sell': 25, 'no-action': 708}, 'ABBV': {'buy': 134, 'sell': 101, 'no-action': 522}, 'MMM': {'buy': 66, 'sell': 58, 'no-action': 633}}"
-1.612979,757,9.008184,-1.6129793175999938,83870.20682400004,"{'Cash': 39.70682400003716, 'WMT': 0.0, 'ABBV': 1433.0, 'MMM': 0.0}","{'WMT': {'buy': 106, 'sell': 114, 'no-action': 537}, 'ABBV': {'buy': 266, 'sell': 234, 'no-action': 257}, 'MMM': {'buy': 197, 'sell': 167, 'no-action': 393}}"
3.185809,757,9.75133,3.185808910700005,131858.0891070001,"{'Cash': 57.58910700008346, 'WMT': 0.0, 'ABBV': 2253.0, 'MMM': 0.0}","{'WMT': {'buy': 52, 'sell': 52, 'no-action': 653}, 'ABBV': {'buy': 151, 'sell': 115, 'no-action': 491}, 'MMM': {'buy': 94, 'sell': 88, 'no-action': 575}}"
3.463985,757,10.468487,3.463985314999993,134639.85314999998,"{'Cash': 31.35314999999514, 'WMT': 0.0, 'ABBV': 2301.0, 'MMM': 0.0}","{'WMT': {'buy': 14, 'sell': 14, 'no-action': 729}, 'ABBV': {'buy': 43, 'sell': 31, 'no-action': 683}, 'MMM': {'buy': 15, 'sell': 14, 'no-action': 728}}"
2.870206,757,11.222846,2.870205846999992,128702.05846999993,"{'Cash': 52.55763999992632, 'WMT': 415.0, 'ABBV': 1721.0, 'MMM': 0.0}","{'WMT': {'buy': 13, 'sell': 14, 'no-action': 730}, 'ABBV': {'buy': 86, 'sell': 68, 'no-action': 603}, 'MMM': {'buy': 30, 'sell': 32, 'no-action': 695}}"
2.917246,757,11.963848,2.917245927199993,129172.45927199995,"{'Cash': 4.459271999949124, 'WMT': 0.0, 'ABBV': 2208.0, 'MMM': 0.0}","{'WMT': {'buy': 13, 'sell': 13, 'no-action': 731}, 'ABBV': {'buy': 86, 'sell': 60, 'no-action': 611}, 'MMM': {'buy': 47, 'sell': 43, 'no-action': 667}}"
3.287088,757,12.699972,3.2870881211000063,132870.881211,"{'Cash': 17.381211000003987, 'WMT': 0.0, 'ABBV': 2271.0, 'MMM': 0.0}","{'WMT': {'buy': 17, 'sell': 18, 'no-action': 722}, 'ABBV': {'buy': 39, 'sell': 28, 'no-action': 690}, 'MMM': {'buy': 8, 'sell': 7, 'no-action': 742}}"
2.870899,757,13.424231,2.8708986993999948,128708.98699399999,"{'Cash': 8.986993999991682, 'WMT': 0.0, 'ABBV': 2200.0, 'MMM': 0.0}","{'WMT': {'buy': 13, 'sell': 13, 'no-action': 731}, 'ABBV': {'buy': 29, 'sell': 18, 'no-action': 710}, 'MMM': {'buy': 11, 'sell': 9, 'no-action': 737}}"
3.326724,757,14.165971,3.326724078799999,133267.240788,"{'Cash': 4.240787999994836, 'WMT': 0.0, 'ABBV': 2278.0, 'MMM': 0.0}","{'WMT': {'buy': 0, 'sell': 0, 'no-action': 757}, 'ABBV': {'buy': 5, 'sell': 1, 'no-action': 751}, 'MMM': {'buy': 3, 'sell': 3, 'no-action': 751}}"
3.391424,757,14.88256,3.391424030000004,133914.2403,"{'Cash': 7.740300000008574, 'WMT': 0.0, 'ABBV': 2289.0, 'MMM': 0.0}","{'WMT': {'buy': 2, 'sell': 3, 'no-action': 752}, 'ABBV': {'buy': 6, 'sell': 0, 'no-action': 751}, 'MMM': {'buy': 2, 'sell': 2, 'no-action': 753}}"
3.426603,757,15.631402,3.4266027574999995,134266.027575,"{'Cash': 8.527574999989156, 'WMT': 0.0, 'ABBV': 2295.0, 'MMM': 0.0}","{'WMT': {'buy': 1, 'sell': 1, 'no-action': 755}, 'ABBV': {'buy': 4, 'sell': 0, 'no-action': 753}, 'MMM': {'buy': 1, 'sell': 3, 'no-action': 753}}"
3.563021,757,16.382725,3.5630210978000023,135630.210978,"{'Cash': 27.21097799999643, 'WMT': 0.0, 'ABBV': 2318.0, 'MMM': 0.0}","{'WMT': {'buy': 1, 'sell': 1, 'no-action': 755}, 'ABBV': {'buy': 5, 'sell': 1, 'no-action': 751}, 'MMM': {'buy': 1, 'sell': 3, 'no-action': 753}}"
3.626829,757,17.113329,3.6268287922000004,136268.287922,"{'Cash': 21.787922000003164, 'WMT': 0.0, 'ABBV': 2329.0, 'MMM': 0.0}","{'WMT': {'buy': 2, 'sell': 2, 'no-action': 753}, 'ABBV': {'buy': 6, 'sell': 2, 'no-action': 749}, 'MMM': {'buy': 2, 'sell': 2, 'no-action': 753}}"
3.641337,757,17.8483,3.641337399500001,136413.373995,"{'Cash': 49.87399500000083, 'WMT': 0.0, 'ABBV': 2331.0, 'MMM': 0.0}","{'WMT': {'buy': 5, 'sell': 10, 'no-action': 742}, 'ABBV': {'buy': 14, 'sell': 4, 'no-action': 739}, 'MMM': {'buy': 0, 'sell': 0, 'no-action': 757}}"
3.212075,757,18.581088,3.2120748433999946,132120.748434,"{'Cash': 27.748433999993722, 'WMT': 0.0, 'ABBV': 2258.0, 'MMM': 0.0}","{'WMT': {'buy': 1, 'sell': 3, 'no-action': 753}, 'ABBV': {'buy': 4, 'sell': 0, 'no-action': 753}, 'MMM': {'buy': 0, 'sell': 0, 'no-action': 757}}"
3.3288,757,19.324127,3.3287998603999975,133287.998604,"{'Cash': 24.9986040000058, 'WMT': 0.0, 'ABBV': 2278.0, 'MMM': 0.0}","{'WMT': {'buy': 1, 'sell': 2, 'no-action': 754}, 'ABBV': {'buy': 4, 'sell': 0, 'no-action': 753}, 'MMM': {'buy': 0, 'sell': 0, 'no-action': 757}}"
3.383219,757,20.048593,3.383218875099996,133832.188751,"{'Cash': 42.688750999997865, 'WMT': 0.0, 'ABBV': 2287.0, 'MMM': 0.0}","{'WMT': {'buy': 1, 'sell': 3, 'no-action': 753}, 'ABBV': {'buy': 4, 'sell': 0, 'no-action': 753}, 'MMM': {'buy': 0, 'sell': 0, 'no-action': 757}}"
3.077544,757,20.78125,3.077543866899998,130775.43866900001,"{'Cash': 27.938669000003756, 'WMT': 0.0, 'ABBV': 2235.0, 'MMM': 0.0}","{'WMT': {'buy': 1, 'sell': 4, 'no-action': 752}, 'ABBV': {'buy': 5, 'sell': 0, 'no-action': 752}, 'MMM': {'buy': 0, 'sell': 0, 'no-action': 757}}"
2.927009,757,21.508341,2.9270090504999975,129270.090505,"{'Cash': 43.59050500000285, 'WMT': 0.0, 'ABBV': 2209.0, 'MMM': 0.0}","{'WMT': {'buy': 2, 'sell': 5, 'no-action': 750}, 'ABBV': {'buy': 8, 'sell': 0, 'no-action': 749}, 'MMM': {'buy': 0, 'sell': 0, 'no-action': 757}}"
3.305322,757,22.242837,3.3053217581999976,133053.21758199998,"{'Cash': 24.217581999996696, 'WMT': 0.0, 'ABBV': 2274.0, 'MMM': 0.0}","{'WMT': {'buy': 2, 'sell': 2, 'no-action': 753}, 'ABBV': {'buy': 5, 'sell': 1, 'no-action': 751}, 'MMM': {'buy': 0, 'sell': 0, 'no-action': 757}}"
3.403284,757,22.964971,3.403283769000015,134032.83769000001,"{'Cash': 9.337690000003931, 'WMT': 0.0, 'ABBV': 2291.0, 'MMM': 0.0}","{'WMT': {'buy': 1, 'sell': 2, 'no-action': 754}, 'ABBV': {'buy': 3, 'sell': 0, 'no-action': 754}, 'MMM': {'buy': 0, 'sell': 0, 'no-action': 757}}"
2.201436,757,23.700042,2.2014358482999996,122014.358483,"{'Cash': 41.858483000003616, 'WMT': 0.0, 'ABBV': 2085.0, 'MMM': 0.0}","{'WMT': {'buy': 1, 'sell': 4, 'no-action': 752}, 'ABBV': {'buy': 5, 'sell': 0, 'no-action': 752}, 'MMM': {'buy': 0, 'sell': 0, 'no-action': 757}}"
3.383037,757,24.424951,3.383036602099996,133830.366021,"{'Cash': 40.866020999996636, 'WMT': 0.0, 'ABBV': 2287.0, 'MMM': 0.0}","{'WMT': {'buy': 1, 'sell': 3, 'no-action': 753}, 'ABBV': {'buy': 5, 'sell': 0, 'no-action': 752}, 'MMM': {'buy': 0, 'sell': 0, 'no-action': 757}}"
2.841676,757,25.229184,2.841676303500003,128416.76303500001,"{'Cash': 9.263035000003583, 'WMT': 0.0, 'ABBV': 2195.0, 'MMM': 0.0}","{'WMT': {'buy': 1, 'sell': 2, 'no-action': 754}, 'ABBV': {'buy': 4, 'sell': 0, 'no-action': 753}, 'MMM': {'buy': 0, 'sell': 0, 'no-action': 757}}"
3.278347,757,26.164041,3.278346699299996,132783.466993,"{'Cash': 46.96699300000379, 'WMT': 0.0, 'ABBV': 2269.0, 'MMM': 0.0}","{'WMT': {'buy': 2, 'sell': 3, 'no-action': 752}, 'ABBV': {'buy': 7, 'sell': 0, 'no-action': 750}, 'MMM': {'buy': 0, 'sell': 0, 'no-action': 757}}"
2.896438,757,26.950496,2.8964379594999983,128964.379595,"{'Cash': 30.379595000003974, 'WMT': 0.0, 'ABBV': 2204.0, 'MMM': 0.0}","{'WMT': {'buy': 1, 'sell': 4, 'no-action': 752}, 'ABBV': {'buy': 5, 'sell': 0, 'no-action': 752}, 'MMM': {'buy': 0, 'sell': 0, 'no-action': 757}}"
3.256875,757,27.736617,3.2568748002999963,132568.748003,"{'Cash': 7.748003000000608, 'WMT': 0.0, 'ABBV': 2266.0, 'MMM': 0.0}","{'WMT': {'buy': 2, 'sell': 3, 'no-action': 752}, 'ABBV': {'buy': 6, 'sell': 0, 'no-action': 751}, 'MMM': {'buy': 0, 'sell': 0, 'no-action': 757}}"
3.45274,757,28.507452,3.4527396682999982,134527.396683,"{'Cash': 35.896683000006504, 'WMT': 0.0, 'ABBV': 2299.0, 'MMM': 0.0}","{'WMT': {'buy': 2, 'sell': 6, 'no-action': 749}, 'ABBV': {'buy': 10, 'sell': 0, 'no-action': 747}, 'MMM': {'buy': 1, 'sell': 1, 'no-action': 755}}"
2.895686,757,29.270121,2.895686108299998,128956.861083,"{'Cash': 22.861082999996597, 'WMT': 0.0, 'ABBV': 2204.0, 'MMM': 0.0}","{'WMT': {'buy': 1, 'sell': 3, 'no-action': 753}, 'ABBV': {'buy': 4, 'sell': 0, 'no-action': 753}, 'MMM': {'buy': 0, 'sell': 0, 'no-action': 757}}"
3.52335,757,30.001031,3.5233499753999893,135233.499754,"{'Cash': 39.99975399998948, 'WMT': 0.0, 'ABBV': 2311.0, 'MMM': 0.0}","{'WMT': {'buy': 2, 'sell': 2, 'no-action': 753}, 'ABBV': {'buy': 4, 'sell': 0, 'no-action': 753}, 'MMM': {'buy': 0, 'sell': 0, 'no-action': 757}}"
3.479552,757,30.742565,3.4795520000000013,134795.52,"{'Cash': 11.519999999991342, 'WMT': 0.0, 'ABBV': 2304.0, 'MMM': 0.0}","{'WMT': {'buy': 0, 'sell': 0, 'no-action': 757}, 'ABBV': {'buy': 3, 'sell': 0, 'no-action': 754}, 'MMM': {'buy': 0, 'sell': 0, 'no-action': 757}}"
3.479552,757,31.48408,3.4795520000000013,134795.52,"{'Cash': 11.519999999991342, 'WMT': 0.0, 'ABBV': 2304.0, 'MMM': 0.0}","{'WMT': {'buy': 0, 'sell': 0, 'no-action': 757}, 'ABBV': {'buy': 3, 'sell': 0, 'no-action': 754}, 'MMM': {'buy': 0, 'sell': 0, 'no-action': 757}}"
3.57041,757,32.223671,3.5704100095000024,135704.100095,"{'Cash': 42.60009499999251, 'WMT': 0.0, 'ABBV': 2319.0, 'MMM': 0.0}","{'WMT': {'buy': 2, 'sell': 1, 'no-action': 754}, 'ABBV': {'buy': 3, 'sell': 0, 'no-action': 754}, 'MMM': {'buy': 0, 'sell': 0, 'no-action': 757}}"
3.494257,757,32.955498,3.494256949800001,134942.569498,"{'Cash': 41.56949799998894, 'WMT': 0.0, 'ABBV': 2306.0, 'MMM': 0.0}","{'WMT': {'buy': 1, 'sell': 1, 'no-action': 755}, 'ABBV': {'buy': 5, 'sell': 0, 'no-action': 752}, 'MMM': {'buy': 0, 'sell': 0, 'no-action': 757}}"
3.704879,757,33.69546,3.7048788079000015,137048.788079,"{'Cash': 41.78807900000293, 'WMT': 0.0, 'ABBV': 2342.0, 'MMM': 0.0}","{'WMT': {'buy': 1, 'sell': 2, 'no-action': 754}, 'ABBV': {'buy': 6, 'sell': 0, 'no-action': 751}, 'MMM': {'buy': 0, 'sell': 0, 'no-action': 757}}"
3.223237,757,34.443832,3.223236743900003,132232.367439,"{'Cash': 22.367439000005106, 'WMT': 0.0, 'ABBV': 2260.0, 'MMM': 0.0}","{'WMT': {'buy': 1, 'sell': 4, 'no-action': 752}, 'ABBV': {'buy': 5, 'sell': 0, 'no-action': 752}, 'MMM': {'buy': 0, 'sell': 0, 'no-action': 757}}"
2.595712,757,35.19235,2.5957120425000038,125957.120425,"{'Cash': 6.620425000005184, 'WMT': 0.0, 'ABBV': 2153.0, 'MMM': 0.0}","{'WMT': {'buy': 3, 'sell': 5, 'no-action': 749}, 'ABBV': {'buy': 10, 'sell': 0, 'no-action': 747}, 'MMM': {'buy': 0, 'sell': 0, 'no-action': 757}}"
2.677661,757,35.927464,2.6776609529999957,126776.60953,"{'Cash': 7.109530000001541, 'WMT': 0.0, 'ABBV': 2167.0, 'MMM': 0.0}","{'WMT': {'buy': 1, 'sell': 3, 'no-action': 753}, 'ABBV': {'buy': 4, 'sell': 0, 'no-action': 753}, 'MMM': {'buy': 0, 'sell': 0, 'no-action': 757}}"
3.260238,757,36.681446,3.260237698299999,132602.376983,"{'Cash': 41.37698299999829, 'WMT': 0.0, 'ABBV': 2266.0, 'MMM': 0.0}","{'WMT': {'buy': 1, 'sell': 2, 'no-action': 754}, 'ABBV': {'buy': 3, 'sell': 0, 'no-action': 754}, 'MMM': {'buy': 0, 'sell': 0, 'no-action': 757}}"
2.912186,757,37.424963,2.912185912400001,129121.859124,"{'Cash': 12.359124000000087, 'WMT': 0.0, 'ABBV': 2207.0, 'MMM': 0.0}","{'WMT': {'buy': 3, 'sell': 5, 'no-action': 749}, 'ABBV': {'buy': 10, 'sell': 0, 'no-action': 747}, 'MMM': {'buy': 0, 'sell': 0, 'no-action': 757}}"
3.020837,757,38.161757,3.020836894500002,130208.368945,"{'Cash': 45.86894499999835, 'WMT': 0.0, 'ABBV': 2225.0, 'MMM': 0.0}","{'WMT': {'buy': 2, 'sell': 3, 'no-action': 752}, 'ABBV': {'buy': 6, 'sell': 0, 'no-action': 751}, 'MMM': {'buy': 0, 'sell': 0, 'no-action': 757}}"
2.987803,757,38.909688,2.9878030085999994,129878.030086,"{'Cash': 8.030086000003394, 'WMT': 0.0, 'ABBV': 2220.0, 'MMM': 0.0}","{'WMT': {'buy': 2, 'sell': 3, 'no-action': 752}, 'ABBV': {'buy': 6, 'sell': 0, 'no-action': 751}, 'MMM': {'buy': 0, 'sell': 0, 'no-action': 757}}"
3.45723,757,39.648393,3.4572297596000086,134572.297596,"{'Cash': 22.2975959999967, 'WMT': 0.0, 'ABBV': 2300.0, 'MMM': 0.0}","{'WMT': {'buy': 2, 'sell': 7, 'no-action': 748}, 'ABBV': {'buy': 9, 'sell': 1, 'no-action': 747}, 'MMM': {'buy': 1, 'sell': 1, 'no-action': 755}}"
3.380661,757,40.39011,3.380660971199996,133806.609712,"{'Cash': 17.109711999995852, 'WMT': 0.0, 'ABBV': 2287.0, 'MMM': 0.0}","{'WMT': {'buy': 2, 'sell': 2, 'no-action': 753}, 'ABBV': {'buy': 5, 'sell': 0, 'no-action': 752}, 'MMM': {'buy': 0, 'sell': 0, 'no-action': 757}}"
2.109807,757,41.133602,2.1098067853000018,121098.06785300002,"{'Cash': 30.46604500001922, 'WMT': 904.0, 'ABBV': 1028.0, 'MMM': 0.0}","{'WMT': {'buy': 3, 'sell': 2, 'no-action': 752}, 'ABBV': {'buy': 4, 'sell': 3, 'no-action': 750}, 'MMM': {'buy': 1, 'sell': 1, 'no-action': 755}}"
1.238202,757,41.87577,1.2382020272000005,112382.02027200001,"{'Cash': 40.019452000004094, 'WMT': 410.0, 'ABBV': 1448.0, 'MMM': 0.0}","{'WMT': {'buy': 1, 'sell': 1, 'no-action': 755}, 'ABBV': {'buy': 2, 'sell': 0, 'no-action': 755}, 'MMM': {'buy': 0, 'sell': 0, 'no-action': 757}}"
0.713964,757,42.628361,0.7139641402000003,107139.64140200001,"{'Cash': 18.039494000002378, 'WMT': 954.0, 'ABBV': 732.0, 'MMM': 0.0}","{'WMT': {'buy': 2, 'sell': 0, 'no-action': 755}, 'ABBV': {'buy': 1, 'sell': 1, 'no-action': 755}, 'MMM': {'buy': 0, 'sell': 0, 'no-action': 757}}"
-0.666549,757,43.366668,-0.6665485322999994,93334.51467700001,"{'Cash': 44.11415500001203, 'WMT': 261.0, 'ABBV': 1294.0, 'MMM': 0.0}","{'WMT': {'buy': 10, 'sell': 7, 'no-action': 740}, 'ABBV': {'buy': 10, 'sell': 8, 'no-action': 739}, 'MMM': {'buy': 4, 'sell': 5, 'no-action': 748}}"
-0.449973,757,44.111403,-0.44997312199998707,95500.26878000011,"{'Cash': 2.048658000110052, 'WMT': 537.0, 'ABBV': 336.0, 'MMM': 238.0}","{'WMT': {'buy': 106, 'sell': 71, 'no-action': 580}, 'ABBV': {'buy': 104, 'sell': 86, 'no-action': 567}, 'MMM': {'buy': 79, 'sell': 67, 'no-action': 611}}"
1.348615,757,44.867214,1.348615183900007,113486.15183900007,"{'Cash': 30.519161000058375, 'WMT': 1493.0, 'ABBV': 0.0, 'MMM': 77.0}","{'WMT': {'buy': 114, 'sell': 56, 'no-action': 587}, 'ABBV': {'buy': 112, 'sell': 92, 'no-action': 553}, 'MMM': {'buy': 67, 'sell': 57, 'no-action': 633}}"
1.373422,757,45.615812,1.3734224602999967,113734.22460299997,"{'Cash': 5.293938999966485, 'WMT': 866.0, 'ABBV': 186.0, 'MMM': 267.0}","{'WMT': {'buy': 112, 'sell': 56, 'no-action': 589}, 'ABBV': {'buy': 89, 'sell': 90, 'no-action': 578}, 'MMM': {'buy': 80, 'sell': 66, 'no-action': 611}}"
-0.895533,757,46.37035,-0.8955334930999928,91044.66506900007,"{'Cash': 25.324535000065225, 'WMT': 639.0, 'ABBV': 290.0, 'MMM': 186.0}","{'WMT': {'buy': 179, 'sell': 133, 'no-action': 445}, 'ABBV': {'buy': 160, 'sell': 142, 'no-action': 455}, 'MMM': {'buy': 155, 'sell': 125, 'no-action': 477}}"
-1.844066,757,47.130223,-1.8440657137000096,81559.34286299988,"{'Cash': 9.812830999871949, 'WMT': 550.0, 'ABBV': 0.0, 'MMM': 267.0}","{'WMT': {'buy': 132, 'sell': 92, 'no-action': 533}, 'ABBV': {'buy': 116, 'sell': 114, 'no-action': 527}, 'MMM': {'buy': 111, 'sell': 95, 'no-action': 551}}"
-2.533935,757,47.874454,-2.5339353216000036,74660.64678399997,"{'Cash': 3688.444677999965, 'WMT': 1053.0, 'ABBV': 0.0, 'MMM': 0.0}","{'WMT': {'buy': 99, 'sell': 67, 'no-action': 591}, 'ABBV': {'buy': 50, 'sell': 51, 'no-action': 656}, 'MMM': {'buy': 59, 'sell': 67, 'no-action': 631}}"
-1.30817,757,48.607773,-1.3081699922999988,86918.300077,"{'Cash': 39.69749900000613, 'WMT': 1289.0, 'ABBV': 0.0, 'MMM': 0.0}","{'WMT': {'buy': 18, 'sell': 9, 'no-action': 730}, 'ABBV': {'buy': 8, 'sell': 9, 'no-action': 740}, 'MMM': {'buy': 8, 'sell': 9, 'no-action': 740}}"
-1.3678,757,49.353587,-1.3678001053999997,86321.99894599999,"{'Cash': 49.99638600000084, 'WMT': 1280.0, 'ABBV': 0.0, 'MMM': 0.0}","{'WMT': {'buy': 7, 'sell': 3, 'no-action': 747}, 'ABBV': {'buy': 16, 'sell': 16, 'no-action': 725}, 'MMM': {'buy': 5, 'sell': 4, 'no-action': 748}}"
-1.334848,757,50.095395,-1.3348478988,86651.521012,"{'Cash': 42.518442000000164, 'WMT': 1285.0, 'ABBV': 0.0, 'MMM': 0.0}","{'WMT': {'buy': 2, 'sell': 0, 'no-action': 755}, 'ABBV': {'buy': 10, 'sell': 10, 'no-action': 737}, 'MMM': {'buy': 1, 'sell': 1, 'no-action': 755}}"
-1.30218,757,50.832521,-1.3021800709999989,86978.19929,"{'Cash': 32.19671000000017, 'WMT': 1290.0, 'ABBV': 0.0, 'MMM': 0.0}","{'WMT': {'buy': 2, 'sell': 0, 'no-action': 755}, 'ABBV': {'buy': 0, 'sell': 0, 'no-action': 757}, 'MMM': {'buy': 0, 'sell': 0, 'no-action': 757}}"
-1.219261,757,51.587355,-1.2192612056000023,87807.38794399999,"{'Cash': 15.856785999994742, 'WMT': 653.0, 'ABBV': 643.0, 'MMM': 37.0}","{'WMT': {'buy': 18, 'sell': 7, 'no-action': 732}, 'ABBV': {'buy': 22, 'sell': 19, 'no-action': 716}, 'MMM': {'buy': 5, 'sell': 3, 'no-action': 749}}"
1.334702,757,52.341783,1.334702499100004,113347.02499100003,"{'Cash': 32.52499100002251, 'WMT': 0.0, 'ABBV': 1937.0, 'MMM': 0.0}","{'WMT': {'buy': 52, 'sell': 38, 'no-action': 667}, 'ABBV': {'buy': 66, 'sell': 51, 'no-action': 640}, 'MMM': {'buy': 34, 'sell': 34, 'no-action': 689}}"
3.506088,757,53.075383,3.5060875716999997,135060.875717,"{'Cash': 32.34618499999681, 'WMT': 0.0, 'ABBV': 1975.0, 'MMM': 117.0}","{'WMT': {'buy': 6, 'sell': 6, 'no-action': 745}, 'ABBV': {'buy': 10, 'sell': 4, 'no-action': 743}, 'MMM': {'buy': 5, 'sell': 4, 'no-action': 748}}"
5.503452,757,53.845619,5.503451731799993,155034.51731799994,"{'Cash': 9.517317999947409, 'WMT': 0.0, 'ABBV': 2650.0, 'MMM': 0.0}","{'WMT': {'buy': 32, 'sell': 27, 'no-action': 698}, 'ABBV': {'buy': 52, 'sell': 30, 'no-action': 675}, 'MMM': {'buy': 40, 'sell': 30, 'no-action': 687}}"
3.647987,757,54.591383,3.647986513100006,136479.86513100003,"{'Cash': 56.05546500001492, 'WMT': 431.0, 'ABBV': 984.0, 'MMM': 299.0}","{'WMT': {'buy': 34, 'sell': 19, 'no-action': 704}, 'ABBV': {'buy': 41, 'sell': 35, 'no-action': 681}, 'MMM': {'buy': 41, 'sell': 24, 'no-action': 692}}"
2.340887,757,55.343445,2.3408868122999946,123408.86812299996,"{'Cash': 38.886440999970546, 'WMT': 985.0, 'ABBV': 769.0, 'MMM': 72.0}","{'WMT': {'buy': 30, 'sell': 8, 'no-action': 719}, 'ABBV': {'buy': 43, 'sell': 39, 'no-action': 675}, 'MMM': {'buy': 36, 'sell': 24, 'no-action': 697}}"
-2.254635,757,56.079144,-2.254634629099998,77453.653709,"{'Cash': 42.15204899999662, 'WMT': 830.0, 'ABBV': 367.0, 'MMM': 0.0}","{'WMT': {'buy': 13, 'sell': 1, 'no-action': 743}, 'ABBV': {'buy': 27, 'sell': 21, 'no-action': 709}, 'MMM': {'buy': 10, 'sell': 9, 'no-action': 738}}"
2.306042,757,56.833959,2.3060416103999914,123060.41610399996,"{'Cash': 55.41245399995569, 'WMT': 1825.0, 'ABBV': 0.0, 'MMM': 0.0}","{'WMT': {'buy': 25, 'sell': 2, 'no-action': 730}, 'ABBV': {'buy': 19, 'sell': 22, 'no-action': 716}, 'MMM': {'buy': 16, 'sell': 19, 'no-action': 722}}"
-1.375108,757,57.608677,-1.3751080504000017,86248.91949599999,"{'Cash': 44.31693799998841, 'WMT': 1279.0, 'ABBV': 0.0, 'MMM': 0.0}","{'WMT': {'buy': 10, 'sell': 0, 'no-action': 747}, 'ABBV': {'buy': 11, 'sell': 12, 'no-action': 734}, 'MMM': {'buy': 2, 'sell': 4, 'no-action': 751}}"
-1.145842,757,58.361728,-1.1458420691999998,88541.579308,"{'Cash': 45.37668200000826, 'WMT': 1313.0, 'ABBV': 0.0, 'MMM': 0.0}","{'WMT': {'buy': 6, 'sell': 0, 'no-action': 751}, 'ABBV': {'buy': 3, 'sell': 5, 'no-action': 749}, 'MMM': {'buy': 1, 'sell': 1, 'no-action': 755}}"
0.024964,757,59.095538,0.024964282000002128,100249.64282000001,"{'Cash': 25.839846000009857, 'WMT': 1487.0, 'ABBV': 0.0, 'MMM': 0.0}","{'WMT': {'buy': 5, 'sell': 0, 'no-action': 752}, 'ABBV': {'buy': 3, 'sell': 4, 'no-action': 750}, 'MMM': {'buy': 1, 'sell': 1, 'no-action': 755}}"
0.176029,757,59.898112,0.17602913619999705,101760.29136199999,"{'Cash': 28.308540000005365, 'WMT': 1455.0, 'ABBV': 0.0, 'MMM': 22.0}","{'WMT': {'buy': 10, 'sell': 0, 'no-action': 747}, 'ABBV': {'buy': 8, 'sell': 9, 'no-action': 740}, 'MMM': {'buy': 6, 'sell': 4, 'no-action': 747}}"
-0.792793,757,60.665315,-0.7927929092000014,92072.07090799998,"{'Cash': 3.6681759999776915, 'WMT': 1366.0, 'ABBV': 0.0, 'MMM': 0.0}","{'WMT': {'buy': 8, 'sell': 0, 'no-action': 749}, 'ABBV': {'buy': 13, 'sell': 11, 'no-action': 733}, 'MMM': {'buy': 4, 'sell': 7, 'no-action': 746}}"
0.717808,757,61.416345,0.7178078658000011,107178.07865800001,"{'Cash': 2.5771980000099575, 'WMT': 730.0, 'ABBV': 991.0, 'MMM': 0.0}","{'WMT': {'buy': 3, 'sell': 0, 'no-action': 754}, 'ABBV': {'buy': 4, 'sell': 3, 'no-action': 750}, 'MMM': {'buy': 3, 'sell': 3, 'no-action': 751}}"
1.814825,757,62.155628,1.8148247349999982,118148.24735,"{'Cash': 2.444975999997645, 'WMT': 1187.0, 'ABBV': 652.0, 'MMM': 0.0}","{'WMT': {'buy': 6, 'sell': 0, 'no-action': 751}, 'ABBV': {'buy': 8, 'sell': 5, 'no-action': 744}, 'MMM': {'buy': 3, 'sell': 5, 'no-action': 749}}"
0.612671,757,62.920037,0.6126710712000007,106126.710712,"{'Cash': 38.90891800000463, 'WMT': 897.0, 'ABBV': 780.0, 'MMM': 0.0}","{'WMT': {'buy': 2, 'sell': 0, 'no-action': 755}, 'ABBV': {'buy': 1, 'sell': 1, 'no-action': 755}, 'MMM': {'buy': 0, 'sell': 0, 'no-action': 757}}"
0.757,757,63.664807,0.7570000272,107570.000272,"{'Cash': 2.7988160000022617, 'WMT': 728.0, 'ABBV': 1000.0, 'MMM': 0.0}","{'WMT': {'buy': 1, 'sell': 0, 'no-action': 756}, 'ABBV': {'buy': 1, 'sell': 0, 'no-action': 756}, 'MMM': {'buy': 0, 'sell': 0, 'no-action': 757}}"
0.713255,757,64.412146,0.7132550126000003,107132.550126,"{'Cash': 24.448668000002726, 'WMT': 729.0, 'ABBV': 991.0, 'MMM': 0.0}","{'WMT': {'buy': 2, 'sell': 0, 'no-action': 755}, 'ABBV': {'buy': 3, 'sell': 2, 'no-action': 752}, 'MMM': {'buy': 2, 'sell': 2, 'no-action': 753}}"
0.757,757,65.156533,0.7570000272,107570.000272,"{'Cash': 2.7988160000022617, 'WMT': 728.0, 'ABBV': 1000.0, 'MMM': 0.0}","{'WMT': {'buy': 1, 'sell': 0, 'no-action': 756}, 'ABBV': {'buy': 1, 'sell': 0, 'no-action': 756}, 'MMM': {'buy': 0, 'sell': 0, 'no-action': 757}}"
2.609903,757,65.912043,2.6099028964000026,126099.02896399997,"{'Cash': 43.028913999974975, 'WMT': 25.0, 'ABBV': 2126.0, 'MMM': 0.0}","{'WMT': {'buy': 1, 'sell': 0, 'no-action': 756}, 'ABBV': {'buy': 3, 'sell': 0, 'no-action': 754}, 'MMM': {'buy': 1, 'sell': 3, 'no-action': 753}}"
3.012125,757,66.661028,3.0121247304999943,130121.247305,"{'Cash': 25.446781000004023, 'WMT': 262.0, 'ABBV': 1922.0, 'MMM': 0.0}","{'WMT': {'buy': 1, 'sell': 0, 'no-action': 756}, 'ABBV': {'buy': 6, 'sell': 0, 'no-action': 751}, 'MMM': {'buy': 1, 'sell': 5, 'no-action': 751}}"
0.659917,757,67.413516,0.6599169502000042,106599.169502,"{'Cash': 42.96807599999738, 'WMT': 713.0, 'ABBV': 1000.0, 'MMM': 0.0}","{'WMT': {'buy': 1, 'sell': 0, 'no-action': 756}, 'ABBV': {'buy': 1, 'sell': 0, 'no-action': 756}, 'MMM': {'buy': 1, 'sell': 1, 'no-action': 755}}"
2.432489,757,68.160105,2.432488893699997,124324.888937,"{'Cash': 39.48857499999394, 'WMT': 181.0, 'ABBV': 1916.0, 'MMM': 0.0}","{'WMT': {'buy': 1, 'sell': 0, 'no-action': 756}, 'ABBV': {'buy': 4, 'sell': 0, 'no-action': 753}, 'MMM': {'buy': 1, 'sell': 3, 'no-action': 753}}"
3.028398,757,68.904436,3.0283979435999986,130283.97943600001,"{'Cash': 15.979386000002705, 'WMT': 25.0, 'ABBV': 2198.0, 'MMM': 0.0}","{'WMT': {'buy': 1, 'sell': 0, 'no-action': 756}, 'ABBV': {'buy': 3, 'sell': 0, 'no-action': 754}, 'MMM': {'buy': 1, 'sell': 3, 'no-action': 753}}"
3.617886,757,69.660376,3.617885934899995,136178.859349,"{'Cash': 46.15878299999713, 'WMT': 283.0, 'ABBV': 2001.0, 'MMM': 0.0}","{'WMT': {'buy': 2, 'sell': 0, 'no-action': 755}, 'ABBV': {'buy': 3, 'sell': 0, 'no-action': 754}, 'MMM': {'buy': 1, 'sell': 2, 'no-action': 754}}"
0.757,757,70.41277,0.7570000272,107570.000272,"{'Cash': 2.7988160000022617, 'WMT': 728.0, 'ABBV': 1000.0, 'MMM': 0.0}","{'WMT': {'buy': 1, 'sell': 0, 'no-action': 756}, 'ABBV': {'buy': 1, 'sell': 0, 'no-action': 756}, 'MMM': {'buy': 0, 'sell': 0, 'no-action': 757}}"
3.388025,757,71.153607,3.3880246107999956,133880.246108,"{'Cash': 21.416527999997925, 'WMT': 384.0, 'ABBV': 1000.0, 'MMM': 297.0}","{'WMT': {'buy': 1, 'sell': 0, 'no-action': 756}, 'ABBV': {'buy': 1, 'sell': 0, 'no-action': 756}, 'MMM': {'buy': 1, 'sell': 1, 'no-action': 755}}"
4.358135,757,71.914662,4.358134619000003,143581.34619,"{'Cash': 27.437593999997404, 'WMT': 176.0, 'ABBV': 1001.0, 'MMM': 439.0}","{'WMT': {'buy': 1, 'sell': 0, 'no-action': 756}, 'ABBV': {'buy': 2, 'sell': 0, 'no-action': 755}, 'MMM': {'buy': 1, 'sell': 1, 'no-action': 755}}"
5.463135,757,72.673841,5.463135443200004,154631.35443200002,"{'Cash': 35.83814399999392, 'WMT': 0.0, 'ABBV': 0.0, 'MMM': 928.0}","{'WMT': {'buy': 0, 'sell': 0, 'no-action': 757}, 'ABBV': {'buy': 0, 'sell': 0, 'no-action': 757}, 'MMM': {'buy': 1, 'sell': 0, 'no-action': 756}}"
5.463135,757,73.435205,5.463135443200004,154631.35443200002,"{'Cash': 35.83814399999392, 'WMT': 0.0, 'ABBV': 0.0, 'MMM': 928.0}","{'WMT': {'buy': 0, 'sell': 0, 'no-action': 757}, 'ABBV': {'buy': 0, 'sell': 0, 'no-action': 757}, 'MMM': {'buy': 1, 'sell': 0, 'no-action': 756}}"
5.335777,757,74.179663,5.335776512700003,153357.765127,"{'Cash': 34.938674999993054, 'WMT': 0.0, 'ABBV': 95.0, 'MMM': 887.0}","{'WMT': {'buy': 0, 'sell': 0, 'no-action': 757}, 'ABBV': {'buy': 1, 'sell': 0, 'no-action': 756}, 'MMM': {'buy': 1, 'sell': 1, 'no-action': 755}}"
3.159199,757,74.951666,3.1591991724999957,131591.991725,"{'Cash': 26.490804999993998, 'WMT': 460.0, 'ABBV': 1719.0, 'MMM': 0.0}","{'WMT': {'buy': 1, 'sell': 0, 'no-action': 756}, 'ABBV': {'buy': 3, 'sell': 0, 'no-action': 754}, 'MMM': {'buy': 1, 'sell': 3, 'no-action': 753}}"
5.463135,757,75.714957,5.463135443200004,154631.35443200002,"{'Cash': 35.83814399999392, 'WMT': 0.0, 'ABBV': 0.0, 'MMM': 928.0}","{'WMT': {'buy': 0, 'sell': 0, 'no-action': 757}, 'ABBV': {'buy': 0, 'sell': 0, 'no-action': 757}, 'MMM': {'buy': 1, 'sell': 0, 'no-action': 756}}"
4.461514,757,76.450408,4.4615144519999985,144615.14452,"{'Cash': 26.24652999999922, 'WMT': 15.0, 'ABBV': 1002.0, 'MMM': 510.0}","{'WMT': {'buy': 2, 'sell': 0, 'no-action': 755}, 'ABBV': {'buy': 3, 'sell': 0, 'no-action': 754}, 'MMM': {'buy': 1, 'sell': 1, 'no-action': 755}}"
5.463135,757,77.213873,5.463135443200004,154631.35443200002,"{'Cash': 35.83814399999392, 'WMT': 0.0, 'ABBV': 0.0, 'MMM': 928.0}","{'WMT': {'buy': 0, 'sell': 0, 'no-action': 757}, 'ABBV': {'buy': 0, 'sell': 0, 'no-action': 757}, 'MMM': {'buy': 1, 'sell': 0, 'no-action': 756}}"
4.759032,757,77.95307,4.759031701600005,147590.31701600002,"{'Cash': 2.5096620000065926, 'WMT': -5.0, 'ABBV': 652.0, 'MMM': 659.0}","{'WMT': {'buy': 5, 'sell': 0, 'no-action': 752}, 'ABBV': {'buy': 9, 'sell': 0, 'no-action': 748}, 'MMM': {'buy': 1, 'sell': 2, 'no-action': 754}}"
4.342521,757,78.695745,4.342520540900007,143425.205409,"{'Cash': 16.68618699999115, 'WMT': 27.0, 'ABBV': 1828.0, 'MMM': 208.0}","{'WMT': {'buy': 2, 'sell': 0, 'no-action': 755}, 'ABBV': {'buy': 6, 'sell': 0, 'no-action': 751}, 'MMM': {'buy': 1, 'sell': 4, 'no-action': 752}}"
5.194698,757,79.457768,5.194698410499991,151946.984105,"{'Cash': 45.25729299999148, 'WMT': 0.0, 'ABBV': 327.0, 'MMM': 797.0}","{'WMT': {'buy': 0, 'sell': 0, 'no-action': 757}, 'ABBV': {'buy': 1, 'sell': 0, 'no-action': 756}, 'MMM': {'buy': 1, 'sell': 1, 'no-action': 755}}"
5.463135,757,80.22349,5.463135443200004,154631.35443200002,"{'Cash': 35.83814399999392, 'WMT': 0.0, 'ABBV': 0.0, 'MMM': 928.0}","{'WMT': {'buy': 0, 'sell': 0, 'no-action': 757}, 'ABBV': {'buy': 0, 'sell': 0, 'no-action': 757}, 'MMM': {'buy': 1, 'sell': 0, 'no-action': 756}}"
5.463135,757,80.961826,5.463135443200004,154631.35443200002,"{'Cash': 35.83814399999392, 'WMT': 0.0, 'ABBV': 0.0, 'MMM': 928.0}","{'WMT': {'buy': 0, 'sell': 0, 'no-action': 757}, 'ABBV': {'buy': 0, 'sell': 0, 'no-action': 757}, 'MMM': {'buy': 1, 'sell': 0, 'no-action': 756}}"
5.463135,757,81.72452,5.463135443200004,154631.35443200002,"{'Cash': 35.83814399999392, 'WMT': 0.0, 'ABBV': 0.0, 'MMM': 928.0}","{'WMT': {'buy': 0, 'sell': 0, 'no-action': 757}, 'ABBV': {'buy': 0, 'sell': 0, 'no-action': 757}, 'MMM': {'buy': 1, 'sell': 0, 'no-action': 756}}"
5.463135,757,82.46472,5.463135443200004,154631.35443200002,"{'Cash': 35.83814399999392, 'WMT': 0.0, 'ABBV': 0.0, 'MMM': 928.0}","{'WMT': {'buy': 0, 'sell': 0, 'no-action': 757}, 'ABBV': {'buy': 0, 'sell': 0, 'no-action': 757}, 'MMM': {'buy': 1, 'sell': 0, 'no-action': 756}}"
5.463135,757,83.220496,5.463135443200004,154631.35443200002,"{'Cash': 35.83814399999392, 'WMT': 0.0, 'ABBV': 0.0, 'MMM': 928.0}","{'WMT': {'buy': 0, 'sell': 0, 'no-action': 757}, 'ABBV': {'buy': 0, 'sell': 0, 'no-action': 757}, 'MMM': {'buy': 1, 'sell': 0, 'no-action': 756}}"
5.463135,757,83.965288,5.463135443200004,154631.35443200002,"{'Cash': 35.83814399999392, 'WMT': 0.0, 'ABBV': 0.0, 'MMM': 928.0}","{'WMT': {'buy': 0, 'sell': 0, 'no-action': 757}, 'ABBV': {'buy': 0, 'sell': 0, 'no-action': 757}, 'MMM': {'buy': 1, 'sell': 0, 'no-action': 756}}"
5.463135,757,84.72451,5.463135443200004,154631.35443200002,"{'Cash': 35.83814399999392, 'WMT': 0.0, 'ABBV': 0.0, 'MMM': 928.0}","{'WMT': {'buy': 0, 'sell': 0, 'no-action': 757}, 'ABBV': {'buy': 0, 'sell': 0, 'no-action': 757}, 'MMM': {'buy': 1, 'sell': 0, 'no-action': 756}}"
5.463135,757,85.463434,5.463135443200004,154631.35443200002,"{'Cash': 35.83814399999392, 'WMT': 0.0, 'ABBV': 0.0, 'MMM': 928.0}","{'WMT': {'buy': 0, 'sell': 0, 'no-action': 757}, 'ABBV': {'buy': 0, 'sell': 0, 'no-action': 757}, 'MMM': {'buy': 1, 'sell': 0, 'no-action': 756}}"
5.463135,757,86.217201,5.463135443200004,154631.35443200002,"{'Cash': 35.83814399999392, 'WMT': 0.0, 'ABBV': 0.0, 'MMM': 928.0}","{'WMT': {'buy': 0, 'sell': 0, 'no-action': 757}, 'ABBV': {'buy': 0, 'sell': 0, 'no-action': 757}, 'MMM': {'buy': 1, 'sell': 0, 'no-action': 756}}"
5.463135,757,86.968708,5.463135443200004,154631.35443200002,"{'Cash': 35.83814399999392, 'WMT': 0.0, 'ABBV': 0.0, 'MMM': 928.0}","{'WMT': {'buy': 0, 'sell': 0, 'no-action': 757}, 'ABBV': {'buy': 0, 'sell': 0, 'no-action': 757}, 'MMM': {'buy': 1, 'sell': 0, 'no-action': 756}}"
5.463135,757,87.721485,5.463135443200004,154631.35443200002,"{'Cash': 35.83814399999392, 'WMT': 0.0, 'ABBV': 0.0, 'MMM': 928.0}","{'WMT': {'buy': 0, 'sell': 0, 'no-action': 757}, 'ABBV': {'buy': 0, 'sell': 0, 'no-action': 757}, 'MMM': {'buy': 1, 'sell': 0, 'no-action': 756}}"
5.463135,757,88.466454,5.463135443200004,154631.35443200002,"{'Cash': 35.83814399999392, 'WMT': 0.0, 'ABBV': 0.0, 'MMM': 928.0}","{'WMT': {'buy': 0, 'sell': 0, 'no-action': 757}, 'ABBV': {'buy': 0, 'sell': 0, 'no-action': 757}, 'MMM': {'buy': 1, 'sell': 0, 'no-action': 756}}"
5.463135,757,89.226418,5.463135443200004,154631.35443200002,"{'Cash': 35.83814399999392, 'WMT': 0.0, 'ABBV': 0.0, 'MMM': 928.0}","{'WMT': {'buy': 0, 'sell': 0, 'no-action': 757}, 'ABBV': {'buy': 0, 'sell': 0, 'no-action': 757}, 'MMM': {'buy': 1, 'sell': 0, 'no-action': 756}}"
5.463135,757,89.978976,5.463135443200004,154631.35443200002,"{'Cash': 35.83814399999392, 'WMT': 0.0, 'ABBV': 0.0, 'MMM': 928.0}","{'WMT': {'buy': 0, 'sell': 0, 'no-action': 757}, 'ABBV': {'buy': 0, 'sell': 0, 'no-action': 757}, 'MMM': {'buy': 1, 'sell': 0, 'no-action': 756}}"
5.463135,757,90.739083,5.463135443200004,154631.35443200002,"{'Cash': 35.83814399999392, 'WMT': 0.0, 'ABBV': 0.0, 'MMM': 928.0}","{'WMT': {'buy': 0, 'sell': 0, 'no-action': 757}, 'ABBV': {'buy': 0, 'sell': 0, 'no-action': 757}, 'MMM': {'buy': 1, 'sell': 0, 'no-action': 756}}"
5.463135,757,91.477849,5.463135443200004,154631.35443200002,"{'Cash': 35.83814399999392, 'WMT': 0.0, 'ABBV': 0.0, 'MMM': 928.0}","{'WMT': {'buy': 0, 'sell': 0, 'no-action': 757}, 'ABBV': {'buy': 0, 'sell': 0, 'no-action': 757}, 'MMM': {'buy': 1, 'sell': 0, 'no-action': 756}}"
5.463135,757,92.248068,5.463135443200004,154631.35443200002,"{'Cash': 35.83814399999392, 'WMT': 0.0, 'ABBV': 0.0, 'MMM': 928.0}","{'WMT': {'buy': 0, 'sell': 0, 'no-action': 757}, 'ABBV': {'buy': 0, 'sell': 0, 'no-action': 757}, 'MMM': {'buy': 1, 'sell': 0, 'no-action': 756}}"
5.463135,757,93.006814,5.463135443200004,154631.35443200002,"{'Cash': 35.83814399999392, 'WMT': 0.0, 'ABBV': 0.0, 'MMM': 928.0}","{'WMT': {'buy': 0, 'sell': 0, 'no-action': 757}, 'ABBV': {'buy': 0, 'sell': 0, 'no-action': 757}, 'MMM': {'buy': 1, 'sell': 0, 'no-action': 756}}"
5.463135,757,93.761565,5.463135443200004,154631.35443200002,"{'Cash': 35.83814399999392, 'WMT': 0.0, 'ABBV': 0.0, 'MMM': 928.0}","{'WMT': {'buy': 0, 'sell': 0, 'no-action': 757}, 'ABBV': {'buy': 0, 'sell': 0, 'no-action': 757}, 'MMM': {'buy': 1, 'sell': 0, 'no-action': 756}}"
5.463135,757,94.516181,5.463135443200004,154631.35443200002,"{'Cash': 35.83814399999392, 'WMT': 0.0, 'ABBV': 0.0, 'MMM': 928.0}","{'WMT': {'buy': 0, 'sell': 0, 'no-action': 757}, 'ABBV': {'buy': 0, 'sell': 0, 'no-action': 757}, 'MMM': {'buy': 1, 'sell': 0, 'no-action': 756}}"
5.463135,757,95.262839,5.463135443200004,154631.35443200002,"{'Cash': 35.83814399999392, 'WMT': 0.0, 'ABBV': 0.0, 'MMM': 928.0}","{'WMT': {'buy': 0, 'sell': 0, 'no-action': 757}, 'ABBV': {'buy': 0, 'sell': 0, 'no-action': 757}, 'MMM': {'buy': 1, 'sell': 0, 'no-action': 756}}"
5.463135,757,96.017601,5.463135443200004,154631.35443200002,"{'Cash': 35.83814399999392, 'WMT': 0.0, 'ABBV': 0.0, 'MMM': 928.0}","{'WMT': {'buy': 0, 'sell': 0, 'no-action': 757}, 'ABBV': {'buy': 0, 'sell': 0, 'no-action': 757}, 'MMM': {'buy': 1, 'sell': 0, 'no-action': 756}}"
5.463135,757,96.797239,5.463135443200004,154631.35443200002,"{'Cash': 35.83814399999392, 'WMT': 0.0, 'ABBV': 0.0, 'MMM': 928.0}","{'WMT': {'buy': 0, 'sell': 0, 'no-action': 757}, 'ABBV': {'buy': 0, 'sell': 0, 'no-action': 757}, 'MMM': {'buy': 1, 'sell': 0, 'no-action': 756}}"
5.463135,757,97.563712,5.463135443200004,154631.35443200002,"{'Cash': 35.83814399999392, 'WMT': 0.0, 'ABBV': 0.0, 'MMM': 928.0}","{'WMT': {'buy': 0, 'sell': 0, 'no-action': 757}, 'ABBV': {'buy': 0, 'sell': 0, 'no-action': 757}, 'MMM': {'buy': 1, 'sell': 0, 'no-action': 756}}"
5.463135,757,98.311498,5.463135443200004,154631.35443200002,"{'Cash': 35.83814399999392, 'WMT': 0.0, 'ABBV': 0.0, 'MMM': 928.0}","{'WMT': {'buy': 0, 'sell': 0, 'no-action': 757}, 'ABBV': {'buy': 0, 'sell': 0, 'no-action': 757}, 'MMM': {'buy': 1, 'sell': 0, 'no-action': 756}}"
5.463135,757,99.06203,5.463135443200004,154631.35443200002,"{'Cash': 35.83814399999392, 'WMT': 0.0, 'ABBV': 0.0, 'MMM': 928.0}","{'WMT': {'buy': 0, 'sell': 0, 'no-action': 757}, 'ABBV': {'buy': 0, 'sell': 0, 'no-action': 757}, 'MMM': {'buy': 1, 'sell': 0, 'no-action': 756}}"
